id,nivelRuido,comuna
46183,65,comuna 2
32830,48,comuna 4
30254,60,comuna 9
39766,30,comuna 12
10110,67,comuna 8
20122,20,comuna 8
31095,15,comuna 6
31468,46,comuna 5
39750,30,comuna 13
17072,77,comuna 7
4125,22,comuna 15
41969,68,comuna 12
638,28,comuna 16
2408,61,comuna 1
29409,69,comuna 6
31144,59,comuna 1
17447,54,comuna 3
47035,31,comuna 11
42530,30,comuna 11
7996,38,comuna 12
10117,88,comuna 10
7437,47,comuna 13
3082,25,comuna 5
8116,13,comuna 6
44807,24,comuna 10
19846,31,comuna 2
13423,79,comuna 1
42983,65,comuna 4
32561,16,comuna 6
35671,34,comuna 5
27799,83,comuna 11
25125,11,comuna 2
35839,14,comuna 2
2924,29,comuna 14
21326,74,comuna 6
23980,53,comuna 13
17257,40,comuna 3
22381,47,comuna 7
24732,63,comuna 6
19952,55,comuna 14
28848,36,comuna 11
26794,67,comuna 2
983,58,comuna 7
35981,54,comuna 13
2363,75,comuna 13
21692,68,comuna 8
33414,84,comuna 15
28003,54,comuna 12
13060,72,comuna 8
38573,29,comuna 4
1186,71,comuna 8
2661,85,comuna 15
23373,69,comuna 8
48133,43,comuna 12
34726,51,comuna 7
28787,72,comuna 16
40686,14,comuna 14
29060,61,comuna 8
18462,26,comuna 7
33792,24,comuna 6
45621,13,comuna 5
33351,52,comuna 6
14305,34,comuna 14
49252,50,comuna 3
44701,23,comuna 12
12915,67,comuna 13
10391,44,comuna 15
92,66,comuna 4
5787,33,comuna 8
49402,67,comuna 11
43166,71,comuna 13
6159,64,comuna 6
15028,81,comuna 7
7685,72,comuna 8
26810,43,comuna 14
29235,63,comuna 16
36992,72,comuna 16
27540,35,comuna 3
45192,69,comuna 16
12429,71,comuna 9
26201,49,comuna 11
19879,15,comuna 3
39914,59,comuna 13
8589,30,comuna 12
38186,28,comuna 16
13945,60,comuna 5
14303,42,comuna 11
45247,89,comuna 15
42501,53,comuna 6
41392,13,comuna 8
795,61,comuna 6
39762,69,comuna 7
15504,68,comuna 7
11544,53,comuna 5
19676,84,comuna 3
28755,71,comuna 12
14675,69,comuna 6
9666,87,comuna 14
4591,42,comuna 5
45759,86,comuna 5
5791,13,comuna 7
357,46,comuna 11
10643,82,comuna 6
3255,74,comuna 14
22345,57,comuna 9
23341,11,comuna 14
44721,86,comuna 6
32315,63,comuna 11
41772,39,comuna 2
14677,54,comuna 11
44118,26,comuna 13
20708,43,comuna 6
42936,59,comuna 2
17630,67,comuna 15
35891,55,comuna 8
47546,74,comuna 14
40472,83,comuna 10
24631,88,comuna 12
32975,71,comuna 11
2467,78,comuna 1
22452,88,comuna 2
5399,56,comuna 10
28248,13,comuna 15
20403,78,comuna 4
12295,49,comuna 15
11625,89,comuna 7
36303,85,comuna 16
26214,18,comuna 2
3210,56,comuna 4
33528,43,comuna 2
28271,33,comuna 5
959,45,comuna 8
35045,25,comuna 16
17849,27,comuna 12
16930,39,comuna 12
29074,40,comuna 1
12869,27,comuna 4
29725,21,comuna 10
44024,90,comuna 8
18416,65,comuna 14
7522,84,comuna 8
38715,30,comuna 8
8422,69,comuna 6
33202,42,comuna 16
7481,67,comuna 2
28805,67,comuna 6
8269,49,comuna 16
14480,47,comuna 8
7453,65,comuna 9
7246,17,comuna 4
687,54,comuna 6
26212,87,comuna 5
9861,35,comuna 7
33438,80,comuna 4
26297,79,comuna 2
19802,25,comuna 16
2717,28,comuna 3
41091,74,comuna 2
36705,83,comuna 13
3265,39,comuna 15
10357,64,comuna 6
28601,89,comuna 4
46507,35,comuna 5
33515,11,comuna 2
38507,17,comuna 16
13903,14,comuna 15
33847,50,comuna 13
43620,47,comuna 10
36859,82,comuna 14
19176,15,comuna 1
29656,59,comuna 3
26141,19,comuna 11
34969,25,comuna 4
18666,50,comuna 15
17705,81,comuna 5
24863,65,comuna 15
19357,47,comuna 14
1078,14,comuna 12
24935,78,comuna 16
10756,38,comuna 1
48710,75,comuna 14
38670,39,comuna 9
22345,70,comuna 2
32546,24,comuna 1
23315,53,comuna 2
32318,64,comuna 6
9269,71,comuna 1
49739,62,comuna 9
1108,29,comuna 3
19440,40,comuna 11
11334,35,comuna 13
26749,42,comuna 1
15892,85,comuna 13
5150,24,comuna 11
10004,58,comuna 11
11069,69,comuna 5
20105,81,comuna 9
16774,19,comuna 6
19308,53,comuna 6
34745,78,comuna 1
9944,88,comuna 11
42289,19,comuna 7
41333,17,comuna 15
13226,13,comuna 12
21247,57,comuna 15
25502,45,comuna 8
40484,28,comuna 1
36090,40,comuna 2
6061,30,comuna 11
47058,40,comuna 1
25610,11,comuna 7
6025,78,comuna 15
12442,56,comuna 2
34099,29,comuna 1
17067,60,comuna 16
6120,44,comuna 2
27164,84,comuna 1
34844,22,comuna 12
34837,38,comuna 3
24612,83,comuna 8
16130,64,comuna 2
19835,27,comuna 15
48651,62,comuna 15
33191,25,comuna 5
17979,13,comuna 7
11097,57,comuna 11
9319,81,comuna 3
29840,59,comuna 2
14332,52,comuna 16
8331,35,comuna 9
8568,80,comuna 8
20942,31,comuna 1
8083,17,comuna 13
8311,71,comuna 3
45764,16,comuna 13
29011,23,comuna 5
9305,10,comuna 11
5985,41,comuna 14
18687,12,comuna 8
44171,87,comuna 4
39242,74,comuna 1
34144,31,comuna 4
10966,89,comuna 11
22998,85,comuna 11
49922,73,comuna 3
23612,53,comuna 9
18584,48,comuna 13
27392,39,comuna 6
32341,34,comuna 6
22205,11,comuna 3
21303,32,comuna 1
19613,60,comuna 16
3539,43,comuna 9
32381,12,comuna 9
2780,83,comuna 15
16815,27,comuna 12
25163,35,comuna 4
29656,49,comuna 7
32266,89,comuna 14
5214,12,comuna 1
33389,32,comuna 10
11067,15,comuna 8
709,76,comuna 8
10126,27,comuna 9
34987,26,comuna 15
36111,84,comuna 16
19598,52,comuna 11
4371,35,comuna 3
26699,84,comuna 6
26923,47,comuna 16
16137,86,comuna 9
32406,21,comuna 5
43654,42,comuna 7
30470,59,comuna 11
8363,63,comuna 2
8970,70,comuna 2
29963,60,comuna 13
36902,24,comuna 14
46191,22,comuna 1
21643,66,comuna 2
34602,51,comuna 14
12820,13,comuna 5
18477,65,comuna 6
39452,20,comuna 6
17803,31,comuna 3
49610,32,comuna 16
3541,27,comuna 2
38772,83,comuna 4
21059,68,comuna 16
5658,12,comuna 9
1596,79,comuna 16
3248,29,comuna 4
25323,71,comuna 5
27633,65,comuna 15
24624,64,comuna 16
49523,63,comuna 2
12040,89,comuna 5
10909,51,comuna 14
39811,72,comuna 15
13194,17,comuna 13
10569,41,comuna 4
22466,58,comuna 10
29804,40,comuna 13
46065,89,comuna 2
2583,53,comuna 5
39462,25,comuna 8
47786,46,comuna 1
35731,23,comuna 3
29770,28,comuna 1
18273,88,comuna 5
24481,14,comuna 3
15505,86,comuna 4
49238,48,comuna 1
13328,46,comuna 9
10152,62,comuna 15
28131,63,comuna 5
22190,33,comuna 15
5136,52,comuna 3
45313,43,comuna 2
47669,13,comuna 14
16310,52,comuna 12
9941,17,comuna 4
21792,84,comuna 10
25197,45,comuna 10
45482,10,comuna 12
24371,63,comuna 4
30226,30,comuna 2
49564,70,comuna 15
26738,59,comuna 11
39007,89,comuna 5
39356,73,comuna 3
11348,29,comuna 12
1663,82,comuna 5
47535,16,comuna 8
8670,26,comuna 15
20621,82,comuna 6
21501,85,comuna 4
41267,49,comuna 13
45673,36,comuna 1
10433,72,comuna 3
43729,37,comuna 5
3184,45,comuna 13
19727,56,comuna 3
15967,27,comuna 10
46792,41,comuna 12
38720,36,comuna 3
39880,29,comuna 8
2929,28,comuna 5
45996,30,comuna 11
40164,71,comuna 12
27268,21,comuna 7
33241,54,comuna 9
40115,35,comuna 12
44126,23,comuna 15
38124,11,comuna 9
8921,15,comuna 13
26899,77,comuna 16
45120,81,comuna 16
17976,89,comuna 6
11820,56,comuna 9
38603,37,comuna 4
17158,10,comuna 14
17879,72,comuna 8
36889,60,comuna 7
13042,41,comuna 9
7039,72,comuna 2
4097,47,comuna 13
22728,66,comuna 9
39459,86,comuna 7
45166,57,comuna 10
32340,43,comuna 8
49532,59,comuna 10
7407,31,comuna 9
1337,48,comuna 11
47448,17,comuna 3
4211,89,comuna 8
26971,41,comuna 2
42975,55,comuna 16
27985,18,comuna 2
46213,44,comuna 11
44194,12,comuna 8
21519,42,comuna 2
4323,49,comuna 1
38355,47,comuna 6
11280,39,comuna 13
41987,42,comuna 6
2371,12,comuna 3
15505,26,comuna 11
17092,37,comuna 7
33972,86,comuna 12
11136,41,comuna 9
5507,70,comuna 6
37782,62,comuna 15
46667,19,comuna 15
42211,59,comuna 6
13355,87,comuna 11
2392,56,comuna 2
4108,85,comuna 11
49700,63,comuna 1
18988,48,comuna 6
12013,38,comuna 12
41691,58,comuna 7
43500,49,comuna 4
2258,32,comuna 9
43220,33,comuna 5
37679,36,comuna 5
13425,13,comuna 14
3584,24,comuna 2
30136,43,comuna 15
30680,72,comuna 14
24612,61,comuna 11
23838,57,comuna 2
47067,61,comuna 4
28587,72,comuna 12
10204,75,comuna 12
30279,52,comuna 6
18260,49,comuna 5
11132,64,comuna 2
28912,20,comuna 15
27943,13,comuna 8
22700,67,comuna 15
8979,72,comuna 7
12163,36,comuna 12
10428,66,comuna 5
9621,37,comuna 6
25721,86,comuna 12
7914,71,comuna 6
12613,16,comuna 11
3348,38,comuna 6
34602,33,comuna 1
4607,86,comuna 12
33324,30,comuna 8
49750,56,comuna 2
17063,57,comuna 15
39414,14,comuna 10
942,83,comuna 3
21078,41,comuna 11
1093,34,comuna 9
25531,78,comuna 16
26892,86,comuna 15
39768,36,comuna 13
37918,13,comuna 7
49203,88,comuna 12
16020,82,comuna 2
23823,68,comuna 3
15046,40,comuna 10
22317,87,comuna 13
40032,42,comuna 8
856,88,comuna 4
5319,45,comuna 11
45893,19,comuna 15
42409,43,comuna 12
23975,41,comuna 4
48786,45,comuna 5
13123,46,comuna 9
16603,24,comuna 10
16276,74,comuna 10
5878,63,comuna 9
2516,19,comuna 7
28247,78,comuna 9
4255,43,comuna 4
6704,75,comuna 2
48473,67,comuna 15
45494,76,comuna 14
16879,12,comuna 13
42476,50,comuna 5
28287,44,comuna 8
27504,27,comuna 12
15389,11,comuna 9
2744,88,comuna 12
25902,52,comuna 12
36320,15,comuna 1
11983,80,comuna 2
41255,45,comuna 12
30396,78,comuna 8
48030,73,comuna 7
40015,78,comuna 7
42823,86,comuna 2
45829,17,comuna 5
25653,52,comuna 14
24694,57,comuna 16
7645,47,comuna 8
14809,79,comuna 15
26926,43,comuna 3
42312,54,comuna 16
41303,39,comuna 14
15855,63,comuna 6
17620,23,comuna 13
42076,36,comuna 16
24391,66,comuna 2
12778,47,comuna 10
44965,40,comuna 3
48549,62,comuna 11
43042,10,comuna 3
10662,22,comuna 8
22584,71,comuna 11
49310,55,comuna 9
6169,70,comuna 2
13058,82,comuna 16
7119,67,comuna 2
15691,27,comuna 7
8773,59,comuna 3
35236,50,comuna 1
15640,52,comuna 12
48728,81,comuna 15
38570,10,comuna 11
41948,29,comuna 14
31560,78,comuna 16
37208,51,comuna 10
14882,70,comuna 14
19508,65,comuna 16
16257,49,comuna 1
40477,66,comuna 12
10861,48,comuna 3
45633,80,comuna 1
13183,84,comuna 6
45699,25,comuna 10
46146,43,comuna 5
24543,27,comuna 10
21296,82,comuna 4
25723,65,comuna 11
15179,49,comuna 12
42691,21,comuna 16
4788,33,comuna 11
39019,25,comuna 2
15558,56,comuna 16
23842,76,comuna 13
34305,36,comuna 15
6572,79,comuna 5
23518,74,comuna 10
12132,33,comuna 2
9197,39,comuna 11
12432,32,comuna 16
18303,37,comuna 9
27972,42,comuna 16
16547,29,comuna 8
16762,75,comuna 8
6322,16,comuna 7
38272,70,comuna 11
46702,54,comuna 6
44988,68,comuna 9
510,80,comuna 11
49023,85,comuna 4
45303,85,comuna 1
23682,26,comuna 9
6471,11,comuna 13
9377,32,comuna 6
10108,53,comuna 10
44785,51,comuna 9
29539,37,comuna 4
17486,20,comuna 13
589,69,comuna 13
40414,67,comuna 7
36945,43,comuna 9
39950,49,comuna 6
25263,55,comuna 9
9985,54,comuna 12
25680,82,comuna 12
23436,48,comuna 2
23737,19,comuna 3
8141,76,comuna 11
16218,29,comuna 13
14780,48,comuna 13
10171,39,comuna 13
34139,41,comuna 10
35283,45,comuna 7
17996,28,comuna 12
5908,24,comuna 2
9142,72,comuna 16
7576,46,comuna 7
37551,21,comuna 1
21615,26,comuna 3
43225,43,comuna 5
16575,84,comuna 3
993,15,comuna 10
23350,90,comuna 14
19415,36,comuna 8
34433,46,comuna 10
5440,72,comuna 6
45845,37,comuna 13
20973,49,comuna 11
38440,75,comuna 1
5783,74,comuna 3
26665,14,comuna 1
41799,50,comuna 12
45261,72,comuna 12
833,51,comuna 6
31081,28,comuna 4
19800,43,comuna 1
25662,64,comuna 5
8406,89,comuna 3
1399,86,comuna 8
36893,64,comuna 11
49073,26,comuna 10
7889,17,comuna 2
1761,77,comuna 13
19183,26,comuna 11
23050,50,comuna 16
27866,72,comuna 16
38921,79,comuna 2
26494,49,comuna 2
48770,11,comuna 3
47068,67,comuna 16
15097,22,comuna 3
47438,25,comuna 9
26422,69,comuna 4
27239,37,comuna 4
12512,12,comuna 2
30268,16,comuna 15
1062,16,comuna 6
3619,49,comuna 15
42629,29,comuna 9
2534,53,comuna 4
11268,34,comuna 14
46537,83,comuna 12
35383,85,comuna 1
48566,37,comuna 16
1536,23,comuna 4
30670,60,comuna 2
45407,27,comuna 13
45185,46,comuna 6
13845,75,comuna 7
36157,45,comuna 6
39514,51,comuna 2
38927,89,comuna 7
29656,15,comuna 6
28942,45,comuna 16
19780,40,comuna 12
8516,90,comuna 2
42354,52,comuna 12
5618,85,comuna 13
22156,66,comuna 7
49822,55,comuna 7
28282,20,comuna 7
26878,16,comuna 14
37336,35,comuna 6
20167,84,comuna 7
39112,26,comuna 1
269,42,comuna 2
45672,67,comuna 12
39014,75,comuna 3
20281,73,comuna 4
39629,37,comuna 1
24183,82,comuna 12
12924,51,comuna 14
5646,15,comuna 10
34789,23,comuna 13
40140,35,comuna 2
14245,78,comuna 10
19141,52,comuna 12
2887,79,comuna 11
48723,71,comuna 14
42903,53,comuna 10
17063,76,comuna 2
10021,76,comuna 7
30790,72,comuna 14
7725,54,comuna 16
6578,79,comuna 10
9223,41,comuna 2
13259,44,comuna 4
5594,47,comuna 12
43061,73,comuna 10
48027,75,comuna 13
5833,46,comuna 16
10355,77,comuna 5
18338,69,comuna 3
48009,54,comuna 9
44850,29,comuna 13
5786,24,comuna 12
41991,36,comuna 2
30990,28,comuna 15
4331,37,comuna 2
46375,47,comuna 15
18808,35,comuna 2
15704,24,comuna 3
23259,78,comuna 8
12573,55,comuna 13
38132,67,comuna 14
12484,24,comuna 12
42566,59,comuna 10
10420,35,comuna 9
42794,86,comuna 13
8056,45,comuna 5
76,20,comuna 15
49645,72,comuna 10
9062,31,comuna 7
16823,79,comuna 15
11363,31,comuna 2
38488,67,comuna 6
35256,43,comuna 5
764,83,comuna 6
5564,26,comuna 7
2493,48,comuna 12
18800,74,comuna 9
31109,75,comuna 4
28766,70,comuna 7
18161,82,comuna 11
10572,85,comuna 9
20870,90,comuna 12
11128,50,comuna 3
21628,18,comuna 14
3854,72,comuna 15
20467,48,comuna 12
504,76,comuna 10
13249,31,comuna 13
10627,51,comuna 13
13355,67,comuna 4
17920,76,comuna 14
41129,78,comuna 14
13650,61,comuna 2
31304,85,comuna 16
15680,76,comuna 9
43074,64,comuna 13
43814,87,comuna 11
30288,52,comuna 15
31897,85,comuna 2
24143,33,comuna 4
13836,69,comuna 4
2646,42,comuna 7
43992,60,comuna 8
41623,45,comuna 14
31614,60,comuna 9
33787,87,comuna 7
8538,19,comuna 12
23791,56,comuna 13
32653,58,comuna 9
16412,66,comuna 11
21323,62,comuna 13
35649,31,comuna 6
17395,43,comuna 13
25837,42,comuna 3
32790,60,comuna 12
3309,11,comuna 13
18389,30,comuna 8
30751,74,comuna 1
47874,50,comuna 4
28819,68,comuna 16
11691,31,comuna 10
10697,26,comuna 16
28407,41,comuna 13
48119,71,comuna 2
2420,59,comuna 2
15290,40,comuna 6
3274,49,comuna 12
36756,43,comuna 11
8292,53,comuna 12
22987,27,comuna 10
8564,16,comuna 12
20234,83,comuna 7
32487,13,comuna 6
2812,42,comuna 9
19696,54,comuna 11
25326,37,comuna 7
43603,88,comuna 5
26821,14,comuna 1
40672,60,comuna 16
45990,71,comuna 8
31492,55,comuna 7
20962,37,comuna 10
20505,52,comuna 1
22174,51,comuna 13
42975,69,comuna 5
44248,52,comuna 11
37714,69,comuna 16
37755,61,comuna 2
40881,73,comuna 6
11919,59,comuna 1
16753,41,comuna 14
26945,51,comuna 3
798,18,comuna 11
43905,32,comuna 15
22109,36,comuna 4
18043,12,comuna 11
205,74,comuna 8
22402,68,comuna 9
4013,31,comuna 2
17713,11,comuna 13
28900,68,comuna 12
45134,84,comuna 14
5028,16,comuna 16
36697,57,comuna 15
4004,89,comuna 4
24514,66,comuna 11
21449,22,comuna 3
33445,13,comuna 9
16859,33,comuna 2
27604,82,comuna 1
42266,26,comuna 6
42441,21,comuna 1
44219,77,comuna 1
48451,22,comuna 8
15919,50,comuna 8
28633,73,comuna 13
23044,18,comuna 12
13370,74,comuna 2
5326,43,comuna 12
9683,34,comuna 7
19872,75,comuna 13
33221,30,comuna 3
38894,77,comuna 8
16859,88,comuna 5
33201,87,comuna 4
9411,74,comuna 5
14219,19,comuna 15
30596,25,comuna 3
27249,25,comuna 12
31200,89,comuna 13
10601,22,comuna 10
16817,51,comuna 4
9586,40,comuna 8
30653,14,comuna 11
8000,21,comuna 12
15792,12,comuna 9
30710,59,comuna 16
9090,71,comuna 8
26289,69,comuna 9
39150,60,comuna 14
42723,49,comuna 6
1855,72,comuna 14
5395,25,comuna 16
25585,70,comuna 13
33027,62,comuna 16
48359,75,comuna 12
22802,16,comuna 7
22295,61,comuna 7
13839,26,comuna 1
7437,29,comuna 2
45589,22,comuna 12
29774,30,comuna 13
28285,75,comuna 14
13138,28,comuna 3
16076,29,comuna 2
39435,33,comuna 6
45717,40,comuna 14
44475,19,comuna 8
9395,61,comuna 3
1763,67,comuna 16
45678,17,comuna 5
1858,35,comuna 4
18058,60,comuna 15
26723,27,comuna 15
1963,77,comuna 10
4679,63,comuna 2
20380,34,comuna 13
42326,63,comuna 9
48093,85,comuna 4
21617,28,comuna 11
18732,67,comuna 10
41570,86,comuna 6
18516,49,comuna 15
4482,89,comuna 4
7107,27,comuna 3
20735,33,comuna 13
46527,22,comuna 2
31954,10,comuna 8
21654,18,comuna 10
735,81,comuna 5
1919,44,comuna 3
20440,17,comuna 16
35616,83,comuna 15
29523,52,comuna 13
41358,37,comuna 2
13152,29,comuna 10
47546,75,comuna 15
42731,68,comuna 13
35286,64,comuna 8
27548,63,comuna 14
8394,67,comuna 10
18362,44,comuna 14
13301,44,comuna 3
29546,26,comuna 2
8913,60,comuna 3
25883,81,comuna 7
12010,64,comuna 14
35760,58,comuna 3
9833,84,comuna 7
44294,59,comuna 3
47654,41,comuna 6
30887,17,comuna 2
47906,76,comuna 2
18389,40,comuna 3
23820,25,comuna 14
33625,66,comuna 6
18915,74,comuna 3
27802,86,comuna 6
48480,34,comuna 14
10709,49,comuna 16
6343,46,comuna 6
46471,81,comuna 11
16928,10,comuna 13
45790,79,comuna 9
44246,21,comuna 2
9159,72,comuna 12
31323,81,comuna 5
7519,84,comuna 6
21427,44,comuna 3
45113,53,comuna 4
13627,73,comuna 8
7988,30,comuna 10
8913,82,comuna 3
7066,79,comuna 1
35,77,comuna 3
48497,38,comuna 7
48409,53,comuna 7
14702,65,comuna 15
2855,67,comuna 6
33806,10,comuna 11
27197,48,comuna 14
22577,75,comuna 16
44612,35,comuna 4
30599,47,comuna 4
34897,62,comuna 15
19798,87,comuna 7
17689,38,comuna 4
36918,10,comuna 9
37017,61,comuna 4
26118,46,comuna 8
16621,75,comuna 7
1200,78,comuna 14
3496,64,comuna 11
16274,23,comuna 12
44226,33,comuna 10
24984,60,comuna 8
28216,84,comuna 14
40049,84,comuna 3
8536,81,comuna 5
16894,47,comuna 13
8846,24,comuna 2
31067,69,comuna 13
47430,67,comuna 1
6713,60,comuna 1
13038,63,comuna 3
7482,34,comuna 12
9834,17,comuna 14
2777,41,comuna 15
4354,28,comuna 13
6969,28,comuna 16
2723,81,comuna 15
7116,86,comuna 4
33487,87,comuna 5
40721,75,comuna 1
3734,43,comuna 11
33960,10,comuna 2
14457,52,comuna 16
40629,77,comuna 14
41406,59,comuna 7
30926,55,comuna 14
21466,38,comuna 1
40496,50,comuna 1
28473,86,comuna 15
16273,36,comuna 4
4430,32,comuna 6
14179,72,comuna 11
122,19,comuna 15
49732,61,comuna 14
27942,52,comuna 12
20992,39,comuna 13
17002,54,comuna 7
3597,62,comuna 2
16988,69,comuna 15
6439,88,comuna 8
34841,52,comuna 8
46068,81,comuna 16
26019,51,comuna 16
45953,34,comuna 15
8743,36,comuna 3
46261,20,comuna 16
48210,43,comuna 3
3455,18,comuna 14
11901,24,comuna 11
31736,27,comuna 2
49350,78,comuna 15
8503,22,comuna 7
18174,13,comuna 6
14310,25,comuna 1
34797,67,comuna 14
23638,58,comuna 15
48790,81,comuna 3
2063,17,comuna 15
13869,77,comuna 14
17310,87,comuna 12
48583,13,comuna 15
34851,17,comuna 13
2443,31,comuna 12
32053,85,comuna 13
8795,70,comuna 6
42230,90,comuna 10
8667,38,comuna 11
8735,85,comuna 7
16455,42,comuna 12
13004,62,comuna 6
38734,34,comuna 15
8345,51,comuna 2
45007,79,comuna 2
2612,84,comuna 10
30376,21,comuna 5
23201,73,comuna 13
7387,33,comuna 6
46926,62,comuna 16
14115,36,comuna 13
40409,21,comuna 16
36445,87,comuna 3
37164,28,comuna 10
24968,57,comuna 9
20302,69,comuna 12
30645,18,comuna 11
27161,14,comuna 11
45676,45,comuna 4
37008,53,comuna 13
12720,22,comuna 14
35575,77,comuna 15
16316,60,comuna 2
5569,62,comuna 8
16569,73,comuna 4
9372,27,comuna 14
8545,65,comuna 14
11647,20,comuna 3
32949,33,comuna 6
46630,19,comuna 3
13669,77,comuna 6
9531,36,comuna 6
10132,73,comuna 9
37222,73,comuna 1
48873,90,comuna 2
80,14,comuna 3
2483,83,comuna 11
34709,79,comuna 14
43103,76,comuna 16
31584,78,comuna 7
44843,23,comuna 14
5594,27,comuna 5
17845,78,comuna 2
21759,61,comuna 4
2997,30,comuna 12
17426,40,comuna 1
36024,41,comuna 8
42258,31,comuna 14
30765,26,comuna 6
49681,64,comuna 1
287,17,comuna 5
6673,58,comuna 15
19907,77,comuna 10
48929,40,comuna 14
21408,27,comuna 4
39004,30,comuna 13
25516,27,comuna 1
38312,39,comuna 10
12825,56,comuna 12
16568,82,comuna 14
31833,18,comuna 7
41700,18,comuna 16
48974,75,comuna 7
45969,32,comuna 14
13520,62,comuna 4
15753,43,comuna 5
24473,64,comuna 2
17813,88,comuna 5
637,79,comuna 1
4488,85,comuna 12
5506,85,comuna 7
34086,14,comuna 16
22044,68,comuna 1
33093,87,comuna 12
24234,17,comuna 9
6960,22,comuna 9
5337,40,comuna 5
21601,10,comuna 1
33664,32,comuna 7
28701,59,comuna 11
25190,36,comuna 2
47466,66,comuna 9
11569,40,comuna 11
3119,29,comuna 5
29918,77,comuna 1
16836,84,comuna 9
45428,65,comuna 13
44860,58,comuna 15
3152,89,comuna 11
33439,34,comuna 13
33567,60,comuna 5
43784,10,comuna 9
17173,34,comuna 10
43840,69,comuna 6
851,10,comuna 3
26582,69,comuna 16
38184,85,comuna 9
49162,66,comuna 6
37140,55,comuna 6
5819,86,comuna 13
19300,89,comuna 3
802,32,comuna 6
33839,75,comuna 5
21226,54,comuna 6
32323,63,comuna 4
13787,66,comuna 6
1818,62,comuna 6
21298,50,comuna 5
11694,87,comuna 16
29022,55,comuna 2
29287,79,comuna 11
31886,34,comuna 13
40058,71,comuna 12
37292,28,comuna 8
16642,15,comuna 14
43286,80,comuna 10
27808,42,comuna 9
34866,65,comuna 1
15994,32,comuna 7
30808,84,comuna 4
35819,54,comuna 16
11246,68,comuna 3
13386,90,comuna 4
46634,36,comuna 8
28090,17,comuna 4
25947,14,comuna 4
19895,19,comuna 8
37641,14,comuna 4
11907,40,comuna 11
600,74,comuna 3
15033,14,comuna 5
37106,81,comuna 12
47992,50,comuna 2
14576,33,comuna 6
47094,50,comuna 10
10349,62,comuna 15
49049,69,comuna 5
27475,19,comuna 4
11350,29,comuna 6
1788,10,comuna 9
48771,11,comuna 9
15177,23,comuna 16
34216,32,comuna 10
21119,65,comuna 5
5485,84,comuna 7
33522,12,comuna 11
17013,17,comuna 7
25965,42,comuna 7
27464,52,comuna 14
35278,41,comuna 11
26964,63,comuna 9
46356,48,comuna 7
22299,54,comuna 10
28989,48,comuna 10
47805,44,comuna 7
3083,76,comuna 1
40824,30,comuna 13
31271,70,comuna 6
7526,73,comuna 5
25450,31,comuna 9
18078,40,comuna 15
14143,32,comuna 11
42276,90,comuna 1
17961,61,comuna 14
30563,90,comuna 14
27575,32,comuna 1
49444,16,comuna 7
13140,31,comuna 9
39405,42,comuna 1
10076,18,comuna 8
42340,43,comuna 6
42869,46,comuna 3
963,47,comuna 3
15121,58,comuna 2
46652,62,comuna 2
33219,37,comuna 15
38358,17,comuna 8
17752,53,comuna 7
10551,72,comuna 5
10679,81,comuna 4
41596,42,comuna 1
18154,44,comuna 13
20096,14,comuna 3
28873,39,comuna 4
28712,62,comuna 3
18595,36,comuna 11
15440,24,comuna 13
12063,23,comuna 1
14643,40,comuna 13
26515,90,comuna 4
1610,54,comuna 1
33049,65,comuna 3
7993,22,comuna 15
20804,47,comuna 15
20290,31,comuna 8
49228,76,comuna 7
27268,38,comuna 1
35138,27,comuna 5
1705,52,comuna 12
17443,89,comuna 8
25234,79,comuna 15
48194,16,comuna 4
18858,23,comuna 1
11513,67,comuna 3
2659,44,comuna 12
47563,83,comuna 16
40205,16,comuna 10
11742,89,comuna 10
19937,75,comuna 12
49653,90,comuna 16
11429,27,comuna 5
3316,46,comuna 12
2455,65,comuna 10
47137,51,comuna 11
44217,10,comuna 2
16720,71,comuna 12
11570,40,comuna 3
34632,72,comuna 13
20431,25,comuna 7
40106,15,comuna 9
37265,36,comuna 9
674,74,comuna 3
33544,72,comuna 12
36066,67,comuna 1
36507,75,comuna 9
8187,28,comuna 5
34492,30,comuna 8
20289,81,comuna 1
17603,64,comuna 2
24031,68,comuna 13
25939,54,comuna 16
24781,35,comuna 5
39677,27,comuna 4
8353,22,comuna 14
36607,46,comuna 12
40729,50,comuna 9
33427,18,comuna 6
5441,82,comuna 16
48755,71,comuna 7
49586,25,comuna 10
23019,77,comuna 9
40264,68,comuna 6
25232,14,comuna 5
24619,65,comuna 14
19178,23,comuna 1
22969,44,comuna 4
49206,35,comuna 12
5679,15,comuna 10
16378,31,comuna 8
25294,44,comuna 9
19019,85,comuna 3
21646,83,comuna 11
24472,90,comuna 1
32353,43,comuna 11
620,69,comuna 12
15923,84,comuna 5
23000,65,comuna 5
26306,60,comuna 15
23491,54,comuna 6
26630,42,comuna 8
13258,75,comuna 16
13337,80,comuna 1
31224,11,comuna 4
19859,20,comuna 3
12715,73,comuna 14
28798,21,comuna 11
6951,85,comuna 3
11936,55,comuna 3
15098,20,comuna 11
24972,24,comuna 13
36061,14,comuna 7
37008,34,comuna 10
22391,81,comuna 2
7506,60,comuna 4
45052,45,comuna 7
2953,30,comuna 7
7691,32,comuna 4
16254,68,comuna 14
16470,66,comuna 4
47311,25,comuna 16
4921,70,comuna 15
32653,42,comuna 12
18610,27,comuna 4
49859,49,comuna 7
11650,29,comuna 14
25425,77,comuna 1
15636,77,comuna 2
35439,15,comuna 7
46547,36,comuna 15
1439,23,comuna 7
40014,27,comuna 3
34964,47,comuna 4
9071,61,comuna 2
10253,56,comuna 2
30223,28,comuna 10
13501,63,comuna 14
26079,47,comuna 16
42687,66,comuna 10
28767,82,comuna 2
4402,10,comuna 7
7682,16,comuna 15
5355,32,comuna 10
36508,22,comuna 3
2842,45,comuna 8
33539,36,comuna 9
12447,84,comuna 16
32777,30,comuna 2
23627,22,comuna 15
40349,32,comuna 16
45317,72,comuna 1
47358,73,comuna 7
36050,51,comuna 1
6182,80,comuna 9
16559,78,comuna 2
41772,62,comuna 3
41708,56,comuna 6
39083,26,comuna 4
31060,11,comuna 5
21949,53,comuna 16
22788,85,comuna 16
10826,10,comuna 4
31506,72,comuna 4
35792,25,comuna 8
17001,44,comuna 15
12385,84,comuna 2
41106,56,comuna 8
10772,79,comuna 14
23343,16,comuna 13
49256,75,comuna 5
21735,54,comuna 10
37213,19,comuna 3
38787,45,comuna 13
46085,17,comuna 7
5929,16,comuna 8
21538,20,comuna 5
34431,56,comuna 16
20306,48,comuna 9
30561,85,comuna 9
5708,14,comuna 6
38706,57,comuna 2
34236,36,comuna 13
37820,90,comuna 15
10553,66,comuna 6
42746,46,comuna 10
39641,14,comuna 4
29564,40,comuna 10
45657,84,comuna 16
8772,58,comuna 4
30976,39,comuna 7
5436,20,comuna 3
10322,81,comuna 6
23353,65,comuna 13
38845,14,comuna 3
27750,47,comuna 13
25314,49,comuna 3
7848,48,comuna 9
23843,60,comuna 10
13677,18,comuna 2
32489,44,comuna 13
19891,47,comuna 13
26835,67,comuna 7
2083,49,comuna 6
40072,31,comuna 9
37775,31,comuna 11
34035,30,comuna 11
23455,24,comuna 11
38562,16,comuna 8
35655,78,comuna 16
48333,24,comuna 16
2919,68,comuna 10
4689,64,comuna 2
23846,13,comuna 2
12137,68,comuna 2
24541,79,comuna 4
21691,57,comuna 3
46095,76,comuna 1
2503,58,comuna 16
42736,59,comuna 11
36576,62,comuna 16
13327,14,comuna 10
25812,88,comuna 8
41275,68,comuna 10
20718,57,comuna 7
8147,89,comuna 6
42770,25,comuna 13
12314,14,comuna 15
20385,61,comuna 12
49585,76,comuna 8
9727,80,comuna 13
49313,87,comuna 9
11771,26,comuna 4
25229,72,comuna 6
49061,80,comuna 2
23056,55,comuna 5
43633,45,comuna 6
28674,81,comuna 2
38449,83,comuna 3
1963,85,comuna 3
29079,75,comuna 10
46814,66,comuna 14
4521,49,comuna 10
13716,20,comuna 13
29809,16,comuna 4
35291,37,comuna 5
42665,73,comuna 2
32252,90,comuna 11
26888,37,comuna 2
48859,72,comuna 10
42246,24,comuna 2
4268,58,comuna 3
15633,57,comuna 1
48824,12,comuna 9
9574,88,comuna 4
40535,15,comuna 4
3844,17,comuna 12
14382,40,comuna 16
33927,59,comuna 11
21080,18,comuna 1
2871,17,comuna 14
47664,74,comuna 3
24501,35,comuna 15
25218,54,comuna 10
23094,15,comuna 10
35500,41,comuna 12
23636,74,comuna 13
28124,89,comuna 15
4209,43,comuna 8
32513,74,comuna 14
19968,75,comuna 2
30115,83,comuna 14
24097,51,comuna 11
43118,80,comuna 5
24603,79,comuna 6
41405,61,comuna 13
43711,85,comuna 12
24863,59,comuna 10
7383,15,comuna 1
12695,89,comuna 4
6957,67,comuna 14
6971,82,comuna 6
41937,42,comuna 13
41180,35,comuna 4
18512,36,comuna 7
25049,28,comuna 7
41357,50,comuna 1
28719,56,comuna 5
32329,47,comuna 3
36854,49,comuna 4
37300,90,comuna 7
468,35,comuna 9
30200,53,comuna 1
47117,24,comuna 4
5947,79,comuna 13
48745,16,comuna 14
41253,18,comuna 10
34358,28,comuna 10
28511,81,comuna 7
45556,35,comuna 2
32963,69,comuna 7
21441,38,comuna 7
35470,87,comuna 8
3078,86,comuna 11
35202,32,comuna 2
43294,88,comuna 8
3141,52,comuna 2
40925,24,comuna 8
29434,80,comuna 13
30110,85,comuna 16
43455,68,comuna 3
32987,55,comuna 2
31565,36,comuna 11
37154,53,comuna 15
16195,60,comuna 14
19322,35,comuna 11
24096,29,comuna 10
17953,50,comuna 6
7629,10,comuna 12
14951,26,comuna 13
4950,17,comuna 2
35558,62,comuna 10
7871,90,comuna 12
4861,50,comuna 16
26502,61,comuna 2
4792,64,comuna 9
2458,29,comuna 6
11888,15,comuna 12
7728,45,comuna 11
46836,34,comuna 9
38139,63,comuna 7
26590,36,comuna 11
6899,67,comuna 9
39105,29,comuna 3
1686,16,comuna 4
27799,48,comuna 9
616,26,comuna 13
34771,79,comuna 14
44394,49,comuna 10
41838,25,comuna 2
5307,65,comuna 7
27548,14,comuna 14
37358,47,comuna 14
43014,43,comuna 5
32072,34,comuna 5
8127,29,comuna 15
16094,14,comuna 3
48332,35,comuna 8
18313,32,comuna 11
43729,70,comuna 8
22280,27,comuna 5
23090,78,comuna 12
18472,44,comuna 10
44483,78,comuna 2
21776,45,comuna 4
22914,84,comuna 10
44521,52,comuna 15
45402,71,comuna 5
37194,30,comuna 6
39430,11,comuna 11
26381,66,comuna 1
30456,68,comuna 7
48437,67,comuna 4
6940,64,comuna 3
17140,33,comuna 5
16665,34,comuna 11
10456,73,comuna 6
23487,75,comuna 2
30558,28,comuna 10
11416,15,comuna 4
23988,46,comuna 10
9488,41,comuna 10
43619,82,comuna 1
9760,59,comuna 14
40754,42,comuna 6
24789,49,comuna 7
4096,47,comuna 9
14624,38,comuna 8
46091,38,comuna 14
43618,19,comuna 10
34313,46,comuna 2
32667,64,comuna 14
15530,80,comuna 7
1901,26,comuna 6
12258,24,comuna 13
33570,24,comuna 5
37183,29,comuna 6
28104,75,comuna 9
12601,43,comuna 14
42613,69,comuna 10
43556,33,comuna 14
1924,20,comuna 2
48649,18,comuna 13
23775,86,comuna 1
25230,42,comuna 1
36280,88,comuna 8
20672,32,comuna 16
37922,10,comuna 15
29282,31,comuna 12
7445,79,comuna 3
16448,38,comuna 11
39553,67,comuna 16
6894,80,comuna 1
42076,83,comuna 7
44816,81,comuna 12
21795,56,comuna 1
42012,64,comuna 6
2286,49,comuna 2
12575,55,comuna 13
12535,79,comuna 9
23069,86,comuna 10
36852,33,comuna 9
45808,70,comuna 12
6293,74,comuna 11
3114,56,comuna 4
26732,59,comuna 16
39944,47,comuna 9
3655,58,comuna 6
47341,16,comuna 6
6767,86,comuna 11
784,72,comuna 15
32679,45,comuna 5
37054,15,comuna 3
30858,42,comuna 15
42366,37,comuna 6
15913,36,comuna 4
27501,48,comuna 1
27079,59,comuna 3
28726,45,comuna 3
21096,67,comuna 8
31699,39,comuna 6
5600,31,comuna 14
45629,76,comuna 11
35984,35,comuna 15
43154,53,comuna 5
38769,67,comuna 2
14528,34,comuna 5
22649,81,comuna 12
33102,36,comuna 12
2554,87,comuna 3
14982,11,comuna 6
46831,10,comuna 13
27751,24,comuna 9
33978,77,comuna 3
29010,52,comuna 12
41301,26,comuna 8
2026,77,comuna 9
42059,13,comuna 4
35131,67,comuna 5
21837,37,comuna 15
49250,70,comuna 5
18695,68,comuna 4
37260,36,comuna 14
43854,86,comuna 9
39562,25,comuna 3
12612,38,comuna 2
4197,28,comuna 10
2361,47,comuna 4
32675,81,comuna 2
27799,34,comuna 12
32129,38,comuna 2
3124,71,comuna 12
39542,43,comuna 4
37121,17,comuna 8
12970,63,comuna 12
36484,87,comuna 4
8745,52,comuna 2
9282,27,comuna 7
24673,55,comuna 12
44166,10,comuna 11
22735,20,comuna 10
3969,25,comuna 2
2664,82,comuna 5
29599,20,comuna 3
25158,75,comuna 1
37277,88,comuna 7
37635,14,comuna 16
19235,55,comuna 10
8232,84,comuna 6
14927,14,comuna 15
45177,25,comuna 11
32223,32,comuna 7
41905,34,comuna 11
27089,62,comuna 10
40394,79,comuna 1
32201,79,comuna 11
42843,24,comuna 5
37125,63,comuna 7
25688,45,comuna 5
23525,58,comuna 16
11171,73,comuna 12
23008,32,comuna 16
21798,75,comuna 13
47039,65,comuna 4
18835,70,comuna 5
16420,29,comuna 8
27947,88,comuna 6
2573,89,comuna 1
47113,32,comuna 9
13397,31,comuna 14
14053,54,comuna 7
10308,59,comuna 8
12321,24,comuna 14
45549,70,comuna 2
38036,22,comuna 3
25951,85,comuna 2
31507,30,comuna 11
10144,31,comuna 9
15093,58,comuna 12
43639,11,comuna 12
28997,49,comuna 13
49741,14,comuna 1
24617,51,comuna 12
31410,68,comuna 16
18911,55,comuna 6
16173,76,comuna 12
32757,64,comuna 9
49893,56,comuna 16
32756,55,comuna 5
1420,63,comuna 12
19410,49,comuna 1
31237,90,comuna 5
45240,21,comuna 15
4744,19,comuna 2
34981,39,comuna 1
49117,65,comuna 5
19693,12,comuna 3
37827,32,comuna 10
10852,53,comuna 5
30139,88,comuna 5
44951,49,comuna 6
32003,22,comuna 16
6413,77,comuna 15
11989,33,comuna 4
28925,32,comuna 13
4632,52,comuna 3
49985,81,comuna 3
48951,38,comuna 9
31593,34,comuna 9
31675,46,comuna 7
49962,38,comuna 2
9506,53,comuna 9
6454,73,comuna 3
3311,87,comuna 15
48854,45,comuna 11
10516,50,comuna 2
13560,37,comuna 8
8242,41,comuna 6
46119,60,comuna 14
1127,58,comuna 9
43806,13,comuna 2
14118,42,comuna 6
36568,77,comuna 15
40938,43,comuna 9
38803,84,comuna 3
12588,20,comuna 10
38604,47,comuna 6
44875,84,comuna 14
2108,78,comuna 9
8037,22,comuna 10
11797,63,comuna 13
47199,26,comuna 12
43571,78,comuna 12
1281,36,comuna 3
23643,86,comuna 4
27464,51,comuna 7
28179,86,comuna 3
25818,41,comuna 16
32543,43,comuna 1
23460,15,comuna 13
6810,81,comuna 9
4449,79,comuna 15
5660,69,comuna 2
27433,33,comuna 2
7833,67,comuna 1
46830,75,comuna 14
15889,10,comuna 16
22151,26,comuna 6
31680,32,comuna 15
11063,76,comuna 4
32588,36,comuna 6
39133,73,comuna 2
23195,44,comuna 2
30132,33,comuna 11
43006,15,comuna 5
21140,80,comuna 9
36664,50,comuna 4
20485,72,comuna 14
16675,87,comuna 9
49186,32,comuna 2
42316,59,comuna 8
2091,30,comuna 15
25436,11,comuna 1
24405,74,comuna 13
38886,10,comuna 15
16368,90,comuna 5
18167,61,comuna 8
31932,76,comuna 1
36229,17,comuna 15
34799,54,comuna 6
49221,53,comuna 1
19095,28,comuna 15
25321,50,comuna 12
47812,50,comuna 13
48721,44,comuna 2
24905,87,comuna 14
45843,24,comuna 7
9366,75,comuna 8
29823,70,comuna 4
15134,44,comuna 14
47933,79,comuna 7
24283,45,comuna 14
42416,40,comuna 6
7343,49,comuna 10
44986,72,comuna 3
13908,56,comuna 5
34710,17,comuna 7
46182,60,comuna 11
29800,72,comuna 2
28657,33,comuna 2
30191,30,comuna 12
5319,73,comuna 4
19327,25,comuna 12
31304,71,comuna 12
32211,72,comuna 8
47959,20,comuna 12
9092,85,comuna 12
26464,61,comuna 9
45691,66,comuna 8
33581,86,comuna 8
19336,52,comuna 1
21007,10,comuna 11
45648,73,comuna 4
26622,40,comuna 9
13246,48,comuna 14
47754,30,comuna 10
35782,90,comuna 3
38622,57,comuna 3
5484,17,comuna 15
30927,62,comuna 13
808,16,comuna 14
38102,82,comuna 8
2018,10,comuna 10
17713,86,comuna 1
11198,20,comuna 5
17926,34,comuna 2
41047,24,comuna 14
19539,31,comuna 16
11572,42,comuna 2
12164,14,comuna 13
16507,55,comuna 10
17775,58,comuna 14
43461,60,comuna 9
29654,54,comuna 5
41077,70,comuna 6
20819,46,comuna 15
29465,18,comuna 3
37641,13,comuna 2
18585,37,comuna 8
8469,79,comuna 13
45731,45,comuna 14
13914,24,comuna 3
38604,55,comuna 11
24210,73,comuna 12
3995,69,comuna 6
4369,65,comuna 1
10826,48,comuna 1
43768,66,comuna 3
4112,68,comuna 2
4770,29,comuna 9
37383,15,comuna 2
7257,77,comuna 12
6241,14,comuna 13
44687,66,comuna 2
28100,32,comuna 10
48042,26,comuna 14
41285,73,comuna 11
46382,81,comuna 1
28122,49,comuna 9
47886,26,comuna 1
19540,73,comuna 9
46798,37,comuna 14
14236,55,comuna 1
31091,10,comuna 4
37601,60,comuna 9
13743,34,comuna 4
15826,45,comuna 14
49033,63,comuna 12
6287,44,comuna 1
19435,80,comuna 2
35161,31,comuna 12
46025,86,comuna 13
6033,35,comuna 6
4271,58,comuna 10
6690,13,comuna 6
44490,42,comuna 7
8040,17,comuna 6
33753,87,comuna 12
30859,76,comuna 5
37086,75,comuna 10
46610,21,comuna 16
41933,11,comuna 1
49187,53,comuna 11
18430,87,comuna 4
17879,69,comuna 13
44000,10,comuna 7
16049,64,comuna 2
40807,41,comuna 6
14712,48,comuna 1
1660,45,comuna 4
29328,10,comuna 15
45460,33,comuna 13
8551,27,comuna 3
43799,83,comuna 5
42782,13,comuna 10
48609,62,comuna 10
36020,20,comuna 13
22308,70,comuna 16
19429,28,comuna 15
1545,54,comuna 8
19805,57,comuna 8
11711,64,comuna 12
41964,80,comuna 7
47816,59,comuna 8
25776,43,comuna 16
28578,13,comuna 13
32102,61,comuna 8
44418,68,comuna 1
36767,72,comuna 9
28148,27,comuna 9
28514,12,comuna 15
49419,38,comuna 6
22665,81,comuna 13
43523,55,comuna 11
25061,80,comuna 3
29779,74,comuna 10
43425,82,comuna 4
47613,53,comuna 5
26848,85,comuna 14
18326,80,comuna 9
46652,56,comuna 12
44066,19,comuna 5
29948,81,comuna 6
20049,70,comuna 2
16187,53,comuna 13
27157,20,comuna 15
38290,42,comuna 12
19123,62,comuna 9
36223,55,comuna 7
36527,81,comuna 15
3736,31,comuna 8
43116,37,comuna 1
11944,30,comuna 1
31353,88,comuna 11
41426,71,comuna 16
19033,23,comuna 8
6338,65,comuna 16
36886,75,comuna 11
6834,37,comuna 14
7355,20,comuna 8
18882,70,comuna 4
45832,74,comuna 16
38285,85,comuna 4
22512,44,comuna 3
537,84,comuna 13
48348,60,comuna 3
33701,28,comuna 6
2898,20,comuna 7
38432,87,comuna 3
2364,70,comuna 2
12081,40,comuna 7
3721,74,comuna 14
2835,52,comuna 3
32755,84,comuna 10
2890,59,comuna 6
49500,38,comuna 8
36696,71,comuna 4
7748,50,comuna 1
28737,82,comuna 4
22259,18,comuna 13
44954,88,comuna 5
20342,35,comuna 13
25649,88,comuna 2
2108,22,comuna 12
11211,77,comuna 3
26832,22,comuna 6
26244,21,comuna 5
9977,66,comuna 13
314,69,comuna 14
42707,58,comuna 7
12792,35,comuna 15
38839,73,comuna 10
7218,12,comuna 16
15709,89,comuna 1
27596,66,comuna 6
28922,22,comuna 15
48346,85,comuna 7
26452,33,comuna 7
17157,23,comuna 4
23585,74,comuna 9
31456,78,comuna 5
41490,28,comuna 12
2472,88,comuna 9
33451,33,comuna 13
37843,44,comuna 14
14645,30,comuna 1
6571,15,comuna 3
48597,63,comuna 5
35580,11,comuna 7
28832,83,comuna 9
15670,83,comuna 14
36409,81,comuna 2
49200,78,comuna 3
17135,81,comuna 3
18,30,comuna 11
47733,36,comuna 9
42754,63,comuna 14
38559,13,comuna 3
828,49,comuna 6
21252,67,comuna 3
49702,19,comuna 3
28960,51,comuna 9
15009,59,comuna 3
48344,87,comuna 3
1193,78,comuna 3
12432,10,comuna 12
40654,69,comuna 16
1832,32,comuna 13
11168,76,comuna 13
24808,69,comuna 11
12108,21,comuna 12
46824,34,comuna 11
18461,18,comuna 12
49529,64,comuna 13
37901,42,comuna 9
45602,56,comuna 12
16845,69,comuna 2
23421,58,comuna 9
42561,86,comuna 14
31573,69,comuna 8
9499,76,comuna 11
17073,61,comuna 14
36421,77,comuna 4
15608,68,comuna 2
30927,43,comuna 8
11280,54,comuna 3
10404,19,comuna 5
10601,27,comuna 16
2236,23,comuna 11
44751,36,comuna 6
16610,63,comuna 15
48228,45,comuna 8
36839,49,comuna 11
